"RelativePath","Extension","SizeKB","LastWriteTime"
".\.env.local",".local","0.73","08-10-2025 14:45:59"
".\.gitignore",".gitignore","0.48","08-10-2025 13:26:31"
".\.vercelignore",".vercelignore","0.21","08-10-2025 13:26:31"
".\ADMIN_INTEGRATION_TEST_PLAN.md",".md","6.49","08-10-2025 13:26:31"
".\ci.yml",".yml","1.51","08-10-2025 13:26:32"
".\DEVELOPMENT_LOGS.md",".md","4.91","08-10-2025 13:26:31"
".\DEVELOPMENT_NOTES.md",".md","13.22","08-10-2025 13:26:31"
".\eslint.config.mjs",".mjs","0.38","08-10-2025 13:26:32"
".\export-architecture.ps1",".ps1","9.68","09-10-2025 11:19:21"
".\INTEGRATION_SUMMARY.md",".md","7.66","08-10-2025 13:26:31"
".\next-env.d.ts",".ts","0.21","08-10-2025 14:45:13"
".\next.config.ts",".ts","2.13","08-10-2025 14:47:01"
".\ngrok.exe",".exe","25395.78","08-10-2025 13:26:32"
".\package-lock.json",".json","399.6","08-10-2025 14:44:47"
".\package.json",".json","2.19","08-10-2025 13:26:32"
".\playwright.config.ts",".ts","0.88","08-10-2025 13:26:32"
".\postcss.config.mjs",".mjs","0.08","08-10-2025 13:26:32"
".\project-structure.txt",".txt","2160.39","09-10-2025 10:53:02"
".\README.md",".md","1.42","08-10-2025 13:26:31"
".\sample.json",".json","0.19","08-10-2025 13:26:32"
".\sample_unix.json",".json","0.19","08-10-2025 13:26:32"
".\shariq.development-log.md",".md","6.56","08-10-2025 15:33:40"
".\sig.txt",".txt","0.06","08-10-2025 13:26:32"
".\tailwind.config.ts",".ts","0.7","08-10-2025 13:26:32"
".\TENANT_ISOLATION_VERIFICATION.md",".md","9.95","08-10-2025 13:26:32"
".\test-variant-db.js",".js","1.3","08-10-2025 13:26:32"
".\tsconfig.json",".json","0.65","08-10-2025 13:26:32"
".\tsconfig.tsbuildinfo",".tsbuildinfo","574.87","09-10-2025 09:00:45"
".\vercel.json",".json","0.85","08-10-2025 13:26:32"
".\web2.zip",".zip","82090.36","08-10-2025 13:17:13"
".\docs\training-plan.md",".md","1.54","08-10-2025 13:26:32"
".\public\apple-touch-icon.svg",".svg","0.93","08-10-2025 13:26:32"
".\public\bluebell-hero.jpg",".jpg","377.85","08-10-2025 13:26:32"
".\public\bluebell-logo.svg",".svg","229.91","08-10-2025 13:26:32"
".\public\favicon-bluebell.svg",".svg","0.84","08-10-2025 13:26:32"
".\public\favicon-senlysh.svg",".svg","0.7","08-10-2025 13:26:32"
".\public\favicon.ico",".ico","0.19","08-10-2025 13:26:32"
".\public\favicon.svg",".svg","0.85","08-10-2025 13:26:32"
".\public\file.svg",".svg","0.38","08-10-2025 13:26:32"
".\public\globe.svg",".svg","1.01","08-10-2025 13:26:32"
".\public\next.svg",".svg","1.34","08-10-2025 13:26:32"
".\public\vercel.svg",".svg","0.12","08-10-2025 13:26:32"
".\public\window.svg",".svg","0.38","08-10-2025 13:26:32"
".\public\images\brands\adidas-logo.svg",".svg","4.2","08-10-2025 13:26:32"
".\public\images\brands\converse-logo.svg",".svg","0.42","08-10-2025 13:26:32"
".\public\images\brands\new-balance-logo.svg",".svg","0.38","08-10-2025 13:26:32"
".\public\images\brands\nike-logo.svg",".svg","0.38","08-10-2025 13:26:32"
".\public\images\brands\puma-logo.svg",".svg","0.46","08-10-2025 13:26:32"
".\public\images\brands\reebok-logo.svg",".svg","0.48","08-10-2025 13:26:32"
".\public\images\brands\under-armour-logo.svg",".svg","0.38","08-10-2025 13:26:32"
".\public\images\brands\vans-logo.svg",".svg","0.42","08-10-2025 13:26:32"
".\public\images\senlysh\dress-hero.jpg",".jpg","345.89","08-10-2025 13:26:32"
".\public\images\senlysh\hero-collection.jpg",".jpg","1804.07","08-10-2025 13:26:32"
".\public\images\senlysh\logo.png",".png","626.5","08-10-2025 13:26:32"
".\public\images\senlysh\subscription-img.png",".png","384.51","08-10-2025 13:26:32"
".\scripts\fix-hero-images.js",".js","2.17","08-10-2025 13:26:32"
".\scripts\guardrail-test.js",".js","7.27","08-10-2025 13:26:32"
".\scripts\README.md",".md","4.8","08-10-2025 13:26:32"
".\scripts\scaffold-tenant.js",".js","13.47","08-10-2025 13:26:32"
".\scripts\SCAFFOLD_GUIDE.md",".md","9.46","08-10-2025 13:26:32"
".\scripts\setup-rls-policies-updated.sql",".sql","22.32","08-10-2025 13:26:32"
".\scripts\setup-rls-policies.sql",".sql","17.03","08-10-2025 13:26:32"
".\scripts\validate-contracts.js",".js","10.46","08-10-2025 13:26:32"
".\scripts\validate-imports.js",".js","8.2","08-10-2025 13:26:32"
".\scripts\validate-registry.js",".js","7.42","08-10-2025 13:26:32"
".\scripts\templates\config.ts.template",".template","1.17","08-10-2025 13:26:32"
".\scripts\templates\Footer.tsx.template",".template","2.39","08-10-2025 13:26:32"
".\scripts\templates\Header.tsx.template",".template","1.67","08-10-2025 13:26:32"
".\scripts\templates\Home.tsx.template",".template","5.19","08-10-2025 13:26:32"
".\scripts\templates\Layout.tsx.template",".template","0.38","08-10-2025 13:26:32"
".\setup\gadget-bazaar-guide.md",".md","3.32","08-10-2025 13:26:32"
".\setup\gadget-bazaar-setup.sql",".sql","1.44","08-10-2025 13:26:32"
".\src\middleware.ts",".ts","5.62","08-10-2025 13:26:32"
".\src\app\globals.css",".css","5.38","08-10-2025 13:26:32"
".\src\app\icon.svg",".svg","0.49","08-10-2025 13:26:32"
".\src\app\layout.tsx",".tsx","0.9","08-10-2025 16:04:04"
".\src\app\manifest.ts",".ts","0.47","08-10-2025 13:26:32"
".\src\app\robots.ts",".ts","0.67","08-10-2025 13:26:32"
".\src\app\sitemap.ts",".ts","0.79","08-10-2025 13:26:32"
".\src\app\(admin)\admin\layout.tsx",".tsx","3.63","08-10-2025 13:26:32"
".\src\app\(admin)\admin\loading.tsx",".tsx","0.25","08-10-2025 13:26:32"
".\src\app\(admin)\admin\page.tsx",".tsx","10.39","08-10-2025 13:26:32"
".\src\app\(admin)\admin\analytics\actions.ts",".ts","3.89","08-10-2025 13:26:32"
".\src\app\(admin)\admin\analytics\AnalyticsOverview.tsx",".tsx","3.47","08-10-2025 13:26:32"
".\src\app\(admin)\admin\analytics\page.tsx",".tsx","0.81","08-10-2025 13:26:32"
".\src\app\(admin)\admin\analytics\SalesChart.tsx",".tsx","1.71","08-10-2025 13:26:32"
".\src\app\(admin)\admin\analytics\TopProducts.tsx",".tsx","1.56","08-10-2025 13:26:32"
".\src\app\(admin)\admin\categories\CategoryForm.tsx",".tsx","10.92","08-10-2025 13:26:32"
".\src\app\(admin)\admin\categories\CategoryTable.tsx",".tsx","10.7","08-10-2025 13:26:32"
".\src\app\(admin)\admin\categories\CreateCategoryButton.tsx",".tsx","0.83","08-10-2025 13:26:32"
".\src\app\(admin)\admin\categories\loading.tsx",".tsx","0.25","08-10-2025 13:26:32"
".\src\app\(admin)\admin\categories\page.tsx",".tsx","2.01","08-10-2025 13:26:32"
".\src\app\(admin)\admin\categories\new\page.tsx",".tsx","0.86","08-10-2025 13:26:32"
".\src\app\(admin)\admin\content\page.tsx",".tsx","1.79","08-10-2025 13:26:32"
".\src\app\(admin)\admin\customers\actions.ts",".ts","3.05","08-10-2025 13:26:32"
".\src\app\(admin)\admin\customers\CustomerFilters.tsx",".tsx","2.7","08-10-2025 13:26:32"
".\src\app\(admin)\admin\customers\CustomerTable.tsx",".tsx","6.81","08-10-2025 13:26:32"
".\src\app\(admin)\admin\customers\page.tsx",".tsx","2.54","08-10-2025 13:26:32"
".\src\app\(admin)\admin\customers\[id]\page.tsx",".tsx","3.48","08-10-2025 13:26:32"
".\src\app\(admin)\admin\hero\actions.ts",".ts","3.91","08-10-2025 13:26:32"
".\src\app\(admin)\admin\hero\HeroManagement.tsx",".tsx","9.37","08-10-2025 13:26:32"
".\src\app\(admin)\admin\hero\HeroSettingsForm.tsx",".tsx","2.91","08-10-2025 13:26:32"
".\src\app\(admin)\admin\hero\HeroSlideForm.tsx",".tsx","11.3","08-10-2025 13:26:32"
".\src\app\(admin)\admin\hero\page.tsx",".tsx","1.25","08-10-2025 13:26:32"
".\src\app\(admin)\admin\inventory\InventoryStats.tsx",".tsx","2.78","08-10-2025 13:26:32"
".\src\app\(admin)\admin\inventory\InventoryTable.tsx",".tsx","7.75","08-10-2025 13:26:32"
".\src\app\(admin)\admin\inventory\loading.tsx",".tsx","0.16","08-10-2025 13:26:32"
".\src\app\(admin)\admin\inventory\page.tsx",".tsx","2.2","08-10-2025 13:26:32"
".\src\app\(admin)\admin\orders\actions.ts",".ts","2.81","08-10-2025 13:26:32"
".\src\app\(admin)\admin\orders\OrderFilters.tsx",".tsx","2.78","08-10-2025 13:26:32"
".\src\app\(admin)\admin\orders\OrderTable.tsx",".tsx","8.82","08-10-2025 13:26:32"
".\src\app\(admin)\admin\orders\page.tsx",".tsx","0.89","08-10-2025 13:26:32"
".\src\app\(admin)\admin\orders\[id]\page.tsx",".tsx","2.32","08-10-2025 13:26:32"
".\src\app\(admin)\admin\portfolio\loading.tsx",".tsx","0.25","08-10-2025 13:26:32"
".\src\app\(admin)\admin\portfolio\page.tsx",".tsx","12.95","08-10-2025 13:26:32"
".\src\app\(admin)\admin\products\actions.ts",".ts","56.71","09-10-2025 10:30:19"
".\src\app\(admin)\admin\products\CreateProductButton.tsx",".tsx","0.71","08-10-2025 13:26:32"
".\src\app\(admin)\admin\products\loading.tsx",".tsx","0.25","08-10-2025 13:26:32"
".\src\app\(admin)\admin\products\page.tsx",".tsx","2.16","08-10-2025 13:26:32"
".\src\app\(admin)\admin\products\ProductFilters.tsx",".tsx","2.89","08-10-2025 13:26:32"
".\src\app\(admin)\admin\products\ProductForm.tsx",".tsx","15.2","09-10-2025 10:28:22"
".\src\app\(admin)\admin\products\ProductSearch.tsx",".tsx","2.12","08-10-2025 13:26:32"
".\src\app\(admin)\admin\products\ProductTable.tsx",".tsx","7.47","08-10-2025 13:26:32"
".\src\app\(admin)\admin\products\components\BadgeSection.tsx",".tsx","10.32","08-10-2025 13:26:32"
".\src\app\(admin)\admin\products\components\BasicInformationSection.tsx",".tsx","4.12","08-10-2025 13:26:32"
".\src\app\(admin)\admin\products\components\InventorySection.tsx",".tsx","4.62","08-10-2025 13:26:32"
".\src\app\(admin)\admin\products\components\MediaSection.tsx",".tsx","4.68","08-10-2025 13:26:32"
".\src\app\(admin)\admin\products\components\OrganizationSection.tsx",".tsx","8.96","09-10-2025 10:27:39"
".\src\app\(admin)\admin\products\components\PricingSection.tsx",".tsx","7.31","08-10-2025 13:26:32"
".\src\app\(admin)\admin\products\components\ProductPreview.tsx",".tsx","18.62","08-10-2025 13:26:32"
".\src\app\(admin)\admin\products\components\SeoSection.tsx",".tsx","3.95","08-10-2025 13:26:32"
".\src\app\(admin)\admin\products\components\ShippingSection.tsx",".tsx","3.02","08-10-2025 13:26:32"
".\src\app\(admin)\admin\products\components\TaxSection.tsx",".tsx","9.22","08-10-2025 13:26:32"
".\src\app\(admin)\admin\products\components\VariantsSection.tsx",".tsx","25.29","08-10-2025 13:26:32"
".\src\app\(admin)\admin\products\new\page.tsx",".tsx","1.44","08-10-2025 13:26:32"
".\src\app\(admin)\admin\products\test\page.tsx",".tsx","0.25","08-10-2025 13:26:32"
".\src\app\(admin)\admin\products\[id]\page.tsx",".tsx","11.55","08-10-2025 13:26:32"
".\src\app\(admin)\admin\products\[id]\edit\page.tsx",".tsx","9.58","08-10-2025 13:26:32"
".\src\app\(admin)\admin\settings\actions.ts",".ts","2.91","08-10-2025 13:26:33"
".\src\app\(admin)\admin\settings\page.tsx",".tsx","0.96","08-10-2025 13:26:33"
".\src\app\(admin)\admin\settings\payments-actions.ts",".ts","3.4","08-10-2025 13:26:33"
".\src\app\(admin)\admin\settings\SettingsForm.tsx",".tsx","9.71","09-10-2025 09:06:25"
".\src\app\(admin)\admin\tax-classes\actions.ts",".ts","6.02","08-10-2025 13:26:33"
".\src\app\(admin)\admin\tax-classes\CreateTaxClassButton.tsx",".tsx","8.47","08-10-2025 13:26:33"
".\src\app\(admin)\admin\tax-classes\page.tsx",".tsx","2.36","08-10-2025 13:26:33"
".\src\app\(admin)\admin\tax-classes\TaxClassTable.tsx",".tsx","6.77","08-10-2025 13:26:33"
".\src\app\(admin)\admin\team\page.tsx",".tsx","0.81","08-10-2025 13:26:33"
".\src\app\(admin)\admin\test\page.tsx",".tsx","1.97","08-10-2025 13:26:33"
".\src\app\(site)\layout.tsx",".tsx","3.49","08-10-2025 13:26:33"
".\src\app\(site)\loading.tsx",".tsx","0.64","08-10-2025 13:26:33"
".\src\app\(site)\page.tsx",".tsx","5.61","08-10-2025 13:26:33"
".\src\app\(site)\bluebell\loading.tsx",".tsx","0.64","08-10-2025 13:16:56"
".\src\app\(site)\bluebell\page.tsx",".tsx","0.91","08-10-2025 13:16:56"
".\src\app\(site)\bluebell\about\page.tsx",".tsx","4.32","08-10-2025 13:16:56"
".\src\app\(site)\bluebell\addresses\CustomerAddressForm.tsx",".tsx","14.08","08-10-2025 13:26:33"
".\src\app\(site)\bluebell\addresses\page.tsx",".tsx","0.8","08-10-2025 13:26:33"
".\src\app\(site)\bluebell\contact\page.tsx",".tsx","5.97","08-10-2025 13:16:56"
".\src\app\(site)\bluebell\cookies\page.tsx",".tsx","0.29","08-10-2025 13:16:56"
".\src\app\(site)\bluebell\faq\page.tsx",".tsx","1.01","08-10-2025 13:16:56"
".\src\app\(site)\bluebell\login\page.tsx",".tsx","4.56","08-10-2025 13:26:33"
".\src\app\(site)\bluebell\new-arrivals\page.tsx",".tsx","5.2","08-10-2025 13:16:56"
".\src\app\(site)\bluebell\portfolio\page.tsx",".tsx","2.18","08-10-2025 13:16:56"
".\src\app\(site)\bluebell\portfolio\[slug]\page.tsx",".tsx","2.21","08-10-2025 13:16:56"
".\src\app\(site)\bluebell\privacy\page.tsx",".tsx","0.29","08-10-2025 13:16:56"
".\src\app\(site)\bluebell\products\page.tsx",".tsx","7.47","08-10-2025 13:16:56"
".\src\app\(site)\bluebell\products\[slug]\page.tsx",".tsx","1.9","08-10-2025 13:16:56"
".\src\app\(site)\bluebell\profile\CustomerProfileForm.tsx",".tsx","21.2","08-10-2025 13:26:33"
".\src\app\(site)\bluebell\profile\page.tsx",".tsx","3.76","08-10-2025 13:26:33"
".\src\app\(site)\bluebell\register\CustomerRegistrationForm.tsx",".tsx","9.81","08-10-2025 13:26:33"
".\src\app\(site)\bluebell\register\page.tsx",".tsx","2.33","08-10-2025 13:26:33"
".\src\app\(site)\bluebell\returns\page.tsx",".tsx","0.9","08-10-2025 13:16:56"
".\src\app\(site)\bluebell\sale\page.tsx",".tsx","5.18","08-10-2025 13:16:56"
".\src\app\(site)\bluebell\shipping\page.tsx",".tsx","0.9","08-10-2025 13:16:56"
".\src\app\(site)\bluebell\terms\page.tsx",".tsx","0.3","08-10-2025 13:16:56"
".\src\app\(site)\bluebell\wallet\CustomerWalletDashboard.tsx",".tsx","10.95","08-10-2025 13:26:33"
".\src\app\(site)\bluebell\wallet\page.tsx",".tsx","0.81","08-10-2025 13:26:33"
".\src\app\(site)\cart\page.tsx",".tsx","12.75","08-10-2025 13:26:33"
".\src\app\(site)\checkout\page.tsx",".tsx","26.46","08-10-2025 13:26:33"
".\src\app\(site)\orders\[orderId]\page.tsx",".tsx","1.1","08-10-2025 13:26:33"
".\src\app\(site)\portfolio\loading.tsx",".tsx","0.52","08-10-2025 13:26:33"
".\src\app\(site)\portfolio\page.tsx",".tsx","2.66","08-10-2025 13:26:33"
".\src\app\(site)\portfolio\[slug]\page.tsx",".tsx","0.99","08-10-2025 13:26:33"
".\src\app\(site)\products\page.tsx",".tsx","9.73","08-10-2025 13:26:33"
".\src\app\(site)\products\[slug]\loading.tsx",".tsx","0.94","08-10-2025 13:26:33"
".\src\app\(site)\products\[slug]\page.tsx",".tsx","1","08-10-2025 13:26:33"
".\src\app\(site)\products\[slug]\PdpClient.tsx",".tsx","14.47","08-10-2025 13:26:33"
".\src\app\(site)\senlysh\page.tsx",".tsx","0.91","08-10-2025 13:26:33"
".\src\app\(site)\senlysh\about\page.tsx",".tsx","2.12","08-10-2025 13:26:33"
".\src\app\(site)\senlysh\addresses\CustomerAddressForm.tsx",".tsx","16.41","08-10-2025 13:26:33"
".\src\app\(site)\senlysh\addresses\page.tsx",".tsx","0.8","08-10-2025 13:26:33"
".\src\app\(site)\senlysh\contact\page.tsx",".tsx","2.37","08-10-2025 13:26:33"
".\src\app\(site)\senlysh\cookies\page.tsx",".tsx","0.3","08-10-2025 13:26:33"
".\src\app\(site)\senlysh\login\page.tsx",".tsx","4.56","08-10-2025 13:26:33"
".\src\app\(site)\senlysh\new-arrivals\page.tsx",".tsx","2.81","08-10-2025 13:26:33"
".\src\app\(site)\senlysh\privacy\page.tsx",".tsx","0.3","08-10-2025 13:26:33"
".\src\app\(site)\senlysh\products\page.tsx",".tsx","4.22","08-10-2025 13:26:33"
".\src\app\(site)\senlysh\products\[slug]\page.tsx",".tsx","3.26","08-10-2025 13:26:33"
".\src\app\(site)\senlysh\profile\CustomerProfileForm.tsx",".tsx","21.17","08-10-2025 13:26:33"
".\src\app\(site)\senlysh\profile\page.tsx",".tsx","3.75","08-10-2025 13:26:33"
".\src\app\(site)\senlysh\register\CustomerRegistrationForm.tsx",".tsx","9.81","08-10-2025 13:26:33"
".\src\app\(site)\senlysh\register\page.tsx",".tsx","2.33","08-10-2025 13:26:33"
".\src\app\(site)\senlysh\sale\page.tsx",".tsx","2.74","08-10-2025 13:26:33"
".\src\app\(site)\senlysh\terms\page.tsx",".tsx","0.31","08-10-2025 13:26:33"
".\src\app\(site)\senlysh\wallet\CustomerWalletDashboard.tsx",".tsx","11.26","08-10-2025 13:26:33"
".\src\app\(site)\senlysh\wallet\page.tsx",".tsx","0.81","08-10-2025 13:26:33"
".\src\app\(tenant-admin)\layout.tsx",".tsx","1.8","08-10-2025 13:26:33"
".\src\app\(tenant-admin)\[tenant]\admin\loading.tsx",".tsx","0.25","08-10-2025 13:26:33"
".\src\app\(tenant-admin)\[tenant]\admin\page.tsx",".tsx","7.14","09-10-2025 09:06:25"
".\src\app\(tenant-admin)\[tenant]\admin\analytics\loading.tsx",".tsx","0.25","08-10-2025 13:26:33"
".\src\app\(tenant-admin)\[tenant]\admin\analytics\page.tsx",".tsx","0.94","08-10-2025 13:26:33"
".\src\app\(tenant-admin)\[tenant]\admin\categories\loading.tsx",".tsx","0.25","08-10-2025 13:26:33"
".\src\app\(tenant-admin)\[tenant]\admin\categories\page.tsx",".tsx","2.1","08-10-2025 13:26:33"
".\src\app\(tenant-admin)\[tenant]\admin\categories\new\page.tsx",".tsx","1.31","08-10-2025 13:26:33"
".\src\app\(tenant-admin)\[tenant]\admin\categories\[id]\page.tsx",".tsx","3.45","09-10-2025 09:06:25"
".\src\app\(tenant-admin)\[tenant]\admin\categories\[id]\edit\page.tsx",".tsx","1.86","09-10-2025 09:06:25"
".\src\app\(tenant-admin)\[tenant]\admin\customers\loading.tsx",".tsx","0.25","08-10-2025 13:26:33"
".\src\app\(tenant-admin)\[tenant]\admin\customers\page.tsx",".tsx","1.63","09-10-2025 09:06:25"
".\src\app\(tenant-admin)\[tenant]\admin\hero\actions.ts",".ts","4.27","08-10-2025 13:26:33"
".\src\app\(tenant-admin)\[tenant]\admin\hero\HeroManagement.tsx",".tsx","9.43","08-10-2025 13:26:33"
".\src\app\(tenant-admin)\[tenant]\admin\hero\HeroSettingsForm.tsx",".tsx","2.91","08-10-2025 13:26:33"
".\src\app\(tenant-admin)\[tenant]\admin\hero\HeroSlideForm.tsx",".tsx","25.31","08-10-2025 13:26:33"
".\src\app\(tenant-admin)\[tenant]\admin\hero\page.tsx",".tsx","1.59","08-10-2025 13:26:33"
".\src\app\(tenant-admin)\[tenant]\admin\orders\loading.tsx",".tsx","0.24","08-10-2025 13:26:33"
".\src\app\(tenant-admin)\[tenant]\admin\orders\page.tsx",".tsx","0.97","09-10-2025 09:06:25"
".\src\app\(tenant-admin)\[tenant]\admin\orders\[id]\page.tsx",".tsx","1.02","09-10-2025 09:06:25"
".\src\app\(tenant-admin)\[tenant]\admin\portfolio\loading.tsx",".tsx","0.25","08-10-2025 13:26:33"
".\src\app\(tenant-admin)\[tenant]\admin\portfolio\page.tsx",".tsx","5.51","08-10-2025 13:26:33"
".\src\app\(tenant-admin)\[tenant]\admin\products\loading.tsx",".tsx","0.25","08-10-2025 13:26:33"
".\src\app\(tenant-admin)\[tenant]\admin\products\page.tsx",".tsx","2.84","09-10-2025 09:06:25"
".\src\app\(tenant-admin)\[tenant]\admin\products\ProductTable.tsx",".tsx","9.42","08-10-2025 13:26:33"
".\src\app\(tenant-admin)\[tenant]\admin\products\new\page.tsx",".tsx","1.54","08-10-2025 13:26:33"
".\src\app\(tenant-admin)\[tenant]\admin\products\[id]\page.tsx",".tsx","10.45","09-10-2025 09:06:25"
".\src\app\(tenant-admin)\[tenant]\admin\products\[id]\edit\page.tsx",".tsx","9.86","09-10-2025 09:06:25"
".\src\app\(tenant-admin)\[tenant]\admin\settings\loading.tsx",".tsx","0.25","08-10-2025 13:26:33"
".\src\app\(tenant-admin)\[tenant]\admin\settings\page.tsx",".tsx","1.06","08-10-2025 13:26:33"
".\src\app\(tenant-admin)\[tenant]\admin\tax-classes\page.tsx",".tsx","2.45","08-10-2025 13:26:33"
".\src\app\(tenant-admin)\[tenant]\admin\tutorial\page.tsx",".tsx","0.4","08-10-2025 13:26:33"
".\src\app\(tenant-admin)\[tenant]\admin\tutorial\TutorialGuide.tsx",".tsx","8.7","08-10-2025 13:26:33"
".\src\app\api\admin\categories\route.ts",".ts","6.7","08-10-2025 13:26:33"
".\src\app\api\admin\categories\upload\route.ts",".ts","1.63","08-10-2025 13:26:33"
".\src\app\api\admin\orders\[id]\route.ts",".ts","2.4","08-10-2025 13:26:33"
".\src\app\api\admin\orders\[id]\mark-paid\route.ts",".ts","0.95","08-10-2025 13:26:33"
".\src\app\api\admin\products\export\route.ts",".ts","0.59","08-10-2025 13:26:33"
".\src\app\api\admin\settings\route.ts",".ts","0.76","08-10-2025 13:26:33"
".\src\app\api\admin\settings\payments\route.ts",".ts","0.81","08-10-2025 13:26:33"
".\src\app\api\auth\admin-tenant\route.ts",".ts","1.83","08-10-2025 13:26:33"
".\src\app\api\auth\callback\route.ts",".ts","0.18","08-10-2025 13:26:33"
".\src\app\api\auth\check-tenant-access\route.ts",".ts","1.46","08-10-2025 13:26:33"
".\src\app\api\auth\signout\route.ts",".ts","1.76","08-10-2025 13:26:33"
".\src\app\api\auth\whoami\route.ts",".ts","0.4","08-10-2025 13:26:33"
".\src\app\api\checkout\route.ts",".ts","4.06","08-10-2025 13:26:33"
".\src\app\api\customers\addresses\route.ts",".ts","6.2","08-10-2025 13:26:33"
".\src\app\api\customers\addresses\[id]\route.ts",".ts","6.72","08-10-2025 13:26:33"
".\src\app\api\customers\profile\route.ts",".ts","5.96","08-10-2025 13:26:33"
".\src\app\api\customers\register\route.ts",".ts","4.73","08-10-2025 13:26:33"
".\src\app\api\customers\wallet\route.ts",".ts","4.05","08-10-2025 13:26:33"
".\src\app\api\health\route.ts",".ts","0.54","08-10-2025 13:26:33"
".\src\app\api\rewards\calculate\route.ts",".ts","2.95","08-10-2025 13:26:33"
".\src\app\api\rewards\history\route.ts",".ts","2.38","08-10-2025 13:26:33"
".\src\app\api\site\categories\route.ts",".ts","0.88","08-10-2025 13:26:33"
".\src\app\api\site\tags\route.ts",".ts","1.2","08-10-2025 13:26:33"
".\src\app\api\webhooks\razorpay\route.ts",".ts","8.13","08-10-2025 13:26:33"
".\src\app\api\webhooks\razorpay\simulate\route.ts",".ts","2.46","08-10-2025 13:26:33"
".\src\app\login\page.tsx",".tsx","3.73","08-10-2025 13:26:33"
".\src\components\AdminRouteDetector.tsx",".tsx","0.44","08-10-2025 13:26:33"
".\src\components\AdminWrapper.tsx",".tsx","0.43","08-10-2025 13:26:33"
".\src\components\Breadcrumb.tsx",".tsx","0.97","08-10-2025 13:26:33"
".\src\components\CustomerAuthGate.tsx",".tsx","4.87","08-10-2025 13:26:33"
".\src\components\NavLinksClient.tsx",".tsx","2.41","08-10-2025 13:26:33"
".\src\components\PaymentLogos.tsx",".tsx","1.82","08-10-2025 13:26:33"
".\src\components\SiteFooter.tsx",".tsx","7.84","08-10-2025 13:26:33"
".\src\components\SiteHeader.tsx",".tsx","1.91","08-10-2025 13:26:33"
".\src\components\SortDropdown.tsx",".tsx","2.25","08-10-2025 13:26:33"
".\src\components\TenantContextProvider.tsx",".tsx","0.41","08-10-2025 13:26:33"
".\src\components\TenantProvider.tsx",".tsx","2.27","08-10-2025 13:26:33"
".\src\components\admin\AdminBrandingWrapper.tsx",".tsx","2.99","08-10-2025 13:26:33"
".\src\components\admin\AdminLoadingSpinner.tsx",".tsx","1.75","08-10-2025 13:26:33"
".\src\components\admin\AuthGate.tsx",".tsx","4.55","08-10-2025 13:26:33"
".\src\components\admin\ModuleDisabled.tsx",".tsx","3.36","08-10-2025 13:26:33"
".\src\components\admin\layout\AdminHeader.tsx",".tsx","5.05","08-10-2025 13:26:33"
".\src\components\admin\layout\AdminLayout.tsx",".tsx","1.03","08-10-2025 13:26:33"
".\src\components\admin\layout\AdminNavigation.tsx",".tsx","3.03","08-10-2025 13:26:34"
".\src\components\admin\layout\AdminSidebar.tsx",".tsx","6.05","08-10-2025 13:26:34"
".\src\components\admin\products\FashionDetailsSection.tsx",".tsx","9.37","08-10-2025 13:26:34"
".\src\components\admin\products\SizeGuideSection.tsx",".tsx","13.38","08-10-2025 13:26:34"
".\src\components\admin\products\VariantsSection.tsx",".tsx","14.73","08-10-2025 13:26:34"
".\src\components\patterns\Testimonials.tsx",".tsx","6.78","08-10-2025 13:26:34"
".\src\components\tenant\AutoCarousel.tsx",".tsx","7.58","08-10-2025 13:26:34"
".\src\components\tenant\contracts.ts",".ts","0.92","08-10-2025 13:26:34"
".\src\components\tenant\DefaultAdminBranding.tsx",".tsx","1.34","08-10-2025 13:26:34"
".\src\components\tenant\DefaultFooter.tsx",".tsx","1.21","08-10-2025 13:26:34"
".\src\components\tenant\DefaultHeader.tsx",".tsx","0.78","08-10-2025 13:26:34"
".\src\components\tenant\DefaultHome.tsx",".tsx","0.91","08-10-2025 13:26:34"
".\src\components\tenant\DefaultLayout.tsx",".tsx","0.33","08-10-2025 13:26:34"
".\src\components\tenant\DefaultMetadata.tsx",".tsx","2.21","08-10-2025 13:26:34"
".\src\components\tenant\DefaultWelcomeBanner.tsx",".tsx","2.43","08-10-2025 13:26:34"
".\src\components\tenant\ResponsiveImage.tsx",".tsx","1.53","08-10-2025 13:26:34"
".\src\components\tenant\TenantLayoutServer.tsx",".tsx","6.59","08-10-2025 13:26:34"
".\src\components\tenant\TenantPortfolio.tsx",".tsx","10.66","09-10-2025 09:06:25"
".\src\components\tenant\TenantWelcomeBannerServer.tsx",".tsx","1","08-10-2025 13:26:34"
".\src\components\tenant\products\ProductDetail.tsx",".tsx","38.46","08-10-2025 13:26:34"
".\src\components\tenant\products\ProductFilters.tsx",".tsx","13.23","08-10-2025 13:26:34"
".\src\components\tenant\products\ProductGrid.tsx",".tsx","19.09","08-10-2025 13:26:34"
".\src\components\tenant\products\ProductSearch.tsx",".tsx","5","08-10-2025 13:26:34"
".\src\components\tenant\products\QuickViewModal.tsx",".tsx","30.92","08-10-2025 13:26:34"
".\src\config\admin-routing.ts",".ts","1.4","08-10-2025 13:26:34"
".\src\hooks\useCustomerAuth.ts",".ts","1.75","08-10-2025 13:26:34"
".\src\hooks\useDraftPersistence.ts",".ts","2.24","08-10-2025 13:26:34"
".\src\hooks\useTenant.ts",".ts","0.38","08-10-2025 13:26:34"
".\src\lib\bluebellHomeMode.ts",".ts","0.34","08-10-2025 14:57:29"
".\src\lib\blurPlaceholder.ts",".ts","0.19","08-10-2025 13:26:34"
".\src\lib\cart.tsx",".tsx","5.43","08-10-2025 13:26:34"
".\src\lib\storage.ts",".ts","4.63","08-10-2025 13:26:34"
".\src\lib\supabaseClient.ts",".ts","0.39","08-10-2025 13:26:34"
".\src\lib\tenantClient.ts",".ts","2.07","08-10-2025 13:26:34"
".\src\modules\products\components\ProductCard.tsx",".tsx","4.2","08-10-2025 13:26:34"
".\src\registry\tenantRegistry.ts",".ts","5.04","08-10-2025 13:26:34"
".\src\registry\types.ts",".ts","1.75","08-10-2025 13:26:34"
".\src\server\adminModules.ts",".ts","1.07","08-10-2025 13:26:34"
".\src\server\auth.ts",".ts","4.95","08-10-2025 13:26:34"
".\src\server\cacheTags.ts",".ts","0.3","08-10-2025 13:26:34"
".\src\server\cacheUtils.ts",".ts","1.34","08-10-2025 13:26:34"
".\src\server\customerModules.ts",".ts","7.67","08-10-2025 13:26:34"
".\src\server\guardrail-validator.ts",".ts","17.97","08-10-2025 13:26:34"
".\src\server\guardrails.ts",".ts","23.16","08-10-2025 13:26:34"
".\src\server\payments.ts",".ts","2.11","08-10-2025 13:26:34"
".\src\server\products.ts",".ts","3.33","08-10-2025 13:26:34"
".\src\server\rewards.ts",".ts","8.31","08-10-2025 13:26:34"
".\src\server\safe-database.ts",".ts","15.43","08-10-2025 13:26:34"
".\src\server\settings.ts",".ts","0.44","08-10-2025 13:26:34"
".\src\server\supabaseAdmin.ts",".ts","0.28","08-10-2025 13:26:34"
".\src\server\tenant.ts",".ts","7.41","08-10-2025 13:26:34"
".\src\server\config\schema.ts",".ts","1.31","08-10-2025 13:26:34"
".\src\server\modules\portfolio\service.ts",".ts","0.92","08-10-2025 13:26:34"
".\src\server\modules\products\service.ts",".ts","15.71","09-10-2025 09:06:25"
".\src\server\tenant\resolver.ts",".ts","6.01","08-10-2025 13:26:34"
".\src\tenants\index.ts",".ts","1.88","08-10-2025 13:26:34"
".\src\tenants\types.ts",".ts","1.15","08-10-2025 13:26:34"
".\src\tenants\bluebell\BluebellHome.tsx",".tsx","23.08","08-10-2025 13:26:34"
".\src\tenants\bluebell\config.ts",".ts","1.68","08-10-2025 13:26:34"
".\src\tenants\bluebell\components\AdminBranding.tsx",".tsx","1.36","08-10-2025 13:26:34"
".\src\tenants\bluebell\components\BluebellProductFilters.tsx",".tsx","6.86","08-10-2025 13:26:34"
".\src\tenants\bluebell\components\BluebellProductGrid.tsx",".tsx","7.27","08-10-2025 15:08:43"
".\src\tenants\bluebell\components\BluebellProductSearch.tsx",".tsx","4.62","08-10-2025 13:26:34"
".\src\tenants\bluebell\components\Footer.tsx",".tsx","14.08","08-10-2025 13:26:34"
".\src\tenants\bluebell\components\Header.tsx",".tsx","19.88","09-10-2025 09:18:19"
".\src\tenants\bluebell\components\Home.tsx",".tsx","29.27","08-10-2025 15:07:27"
".\src\tenants\bluebell\components\HomeServer.tsx",".tsx","0.98","08-10-2025 13:26:34"
".\src\tenants\bluebell\components\Layout.tsx",".tsx","0.42","08-10-2025 13:26:34"
".\src\tenants\bluebell\components\Metadata.tsx",".tsx","2.66","08-10-2025 13:26:34"
".\src\tenants\bluebell\components\testimonialsData.ts",".ts","1.36","08-10-2025 13:26:34"
".\src\tenants\bluebell\components\WelcomeBanner.tsx",".tsx","3.81","08-10-2025 13:26:34"
".\src\tenants\senlysh\config.ts",".ts","2.23","08-10-2025 13:26:34"
".\src\tenants\senlysh\SenlyshFooter.tsx",".tsx","10.23","08-10-2025 13:26:34"
".\src\tenants\senlysh\SenlyshHeader.tsx",".tsx","12.08","08-10-2025 13:26:34"
".\src\tenants\senlysh\SenlyshHome.tsx",".tsx","2.2","08-10-2025 13:26:34"
".\src\tenants\senlysh\components\AdminBranding.tsx",".tsx","1.39","08-10-2025 13:26:34"
".\src\tenants\senlysh\components\BestSellers.tsx",".tsx","10.65","08-10-2025 16:06:38"
".\src\tenants\senlysh\components\BrandCarousel.tsx",".tsx","4.02","08-10-2025 13:26:34"
".\src\tenants\senlysh\components\CategoriesSection.tsx",".tsx","17.63","08-10-2025 13:26:34"
".\src\tenants\senlysh\components\CustomerReviews.tsx",".tsx","3.02","08-10-2025 13:26:34"
".\src\tenants\senlysh\components\FeaturedProducts.tsx",".tsx","10.66","08-10-2025 13:26:34"
".\src\tenants\senlysh\components\FeatureIcons.tsx",".tsx","1.7","08-10-2025 13:26:34"
".\src\tenants\senlysh\components\Footer.tsx",".tsx","10.56","08-10-2025 13:26:34"
".\src\tenants\senlysh\components\Header.tsx",".tsx","16.99","08-10-2025 13:26:34"
".\src\tenants\senlysh\components\HeroSection.tsx",".tsx","14.75","08-10-2025 13:26:34"
".\src\tenants\senlysh\components\Home.tsx",".tsx","3.93","08-10-2025 13:26:34"
".\src\tenants\senlysh\components\HomeServer.tsx",".tsx","3.24","08-10-2025 13:26:34"
".\src\tenants\senlysh\components\LatestProducts.tsx",".tsx","37.64","08-10-2025 13:26:34"
".\src\tenants\senlysh\components\Layout.tsx",".tsx","0.41","08-10-2025 13:26:34"
".\src\tenants\senlysh\components\Metadata.tsx",".tsx","2.52","08-10-2025 13:26:34"
".\src\tenants\senlysh\components\PromotionalBanners.tsx",".tsx","2.48","08-10-2025 13:26:34"
".\src\tenants\senlysh\components\WelcomeBanner.tsx",".tsx","3.17","08-10-2025 13:26:34"
".\src\test\guardrail-break-test.ts",".ts","15.17","08-10-2025 13:26:34"
".\src\test\simple-guardrail-test.ts",".ts","1.54","08-10-2025 13:26:34"
".\src\types\customer.ts",".ts","3.12","08-10-2025 13:26:34"
".\src\types\database-adapters.ts",".ts","3.66","08-10-2025 13:26:34"
".\src\types\global-types.d.ts",".ts","0.43","08-10-2025 13:26:34"
".\src\types\hero.ts",".ts","1.79","08-10-2025 13:26:34"
".\src\types\product.ts",".ts","4.9","09-10-2025 10:29:37"
".\src\types\supabase-helpers.ts",".ts","3.02","08-10-2025 13:26:34"
".\src\types\supabase.ts",".ts","69.76","08-10-2025 13:26:34"
".\src\utils\admin-urls.ts",".ts","2.02","08-10-2025 13:26:34"
".\src\utils\badges.ts",".ts","4.29","08-10-2025 13:26:34"
".\src\utils\cacheBusting.ts",".ts","0.98","08-10-2025 13:26:34"
".\src\utils\categoryUtils.ts",".ts","3.94","08-10-2025 13:26:34"
".\src\utils\site-urls.ts",".ts","1.17","08-10-2025 13:26:34"
".\src\utils\typeAdapters.ts",".ts","12.73","09-10-2025 09:06:25"
".\src\utils\typeTransformers.ts",".ts","3.81","08-10-2025 13:26:34"
".\tests\e2e\admin.spec.ts",".ts","3.97","08-10-2025 13:26:34"
".\tests\e2e\public.spec.ts",".ts","5.27","08-10-2025 13:26:34"
".\tests\e2e\seo-tenant.spec.ts",".ts","0.59","08-10-2025 13:26:34"
".\tests\e2e\tenant-basic.spec.ts",".ts","0.71","08-10-2025 13:26:34"
".\web2_extracted\web\.gitignore",".gitignore","0.48","08-10-2025 13:16:54"
".\web2_extracted\web\ci.yml",".yml","1.51","08-10-2025 13:16:56"
".\web2_extracted\web\DEVELOPMENT_LOGS.md",".md","2.66","08-10-2025 13:16:54"
".\web2_extracted\web\DEVELOPMENT_NOTES.md",".md","13.22","08-10-2025 13:16:54"
".\web2_extracted\web\eslint.config.mjs",".mjs","0.38","08-10-2025 13:16:56"
".\web2_extracted\web\FirePremiumCollection.pdf",".pdf","79018.92","08-10-2025 13:16:56"
".\web2_extracted\web\next.config.ts",".ts","1.36","08-10-2025 13:16:56"
".\web2_extracted\web\package-lock.json",".json","399.6","08-10-2025 13:16:56"
".\web2_extracted\web\package.json",".json","1.78","08-10-2025 13:16:56"
".\web2_extracted\web\playwright.config.ts",".ts","0.88","08-10-2025 13:16:56"
".\web2_extracted\web\postcss.config.mjs",".mjs","0.08","08-10-2025 13:16:56"
".\web2_extracted\web\README.md",".md","1.42","08-10-2025 13:16:56"
".\web2_extracted\web\sample.json",".json","0.19","08-10-2025 13:16:56"
".\web2_extracted\web\sample_unix.json",".json","0.19","08-10-2025 13:16:56"
".\web2_extracted\web\sig.txt",".txt","0.06","08-10-2025 13:16:56"
".\web2_extracted\web\tailwind.config.ts",".ts","0.7","08-10-2025 13:16:56"
".\web2_extracted\web\tsconfig.json",".json","0.59","08-10-2025 13:16:56"
".\web2_extracted\web\vercel.json",".json","0.85","08-10-2025 13:16:56"
".\web2_extracted\web\docs\training-plan.md",".md","1.54","08-10-2025 13:16:56"
".\web2_extracted\web\public\apple-touch-icon.svg",".svg","0.93","08-10-2025 13:16:56"
".\web2_extracted\web\public\bluebell-hero.jpg",".jpg","377.85","08-10-2025 13:16:56"
".\web2_extracted\web\public\bluebell-logo.svg",".svg","229.91","08-10-2025 13:16:56"
".\web2_extracted\web\public\favicon-bluebell.svg",".svg","0.84","08-10-2025 13:16:56"
".\web2_extracted\web\public\favicon-senlysh.svg",".svg","0.7","08-10-2025 13:16:56"
".\web2_extracted\web\public\favicon.ico",".ico","0.19","08-10-2025 13:16:56"
".\web2_extracted\web\public\favicon.svg",".svg","0.85","08-10-2025 13:16:56"
".\web2_extracted\web\public\file.svg",".svg","0.38","08-10-2025 13:16:56"
".\web2_extracted\web\public\globe.svg",".svg","1.01","08-10-2025 13:16:56"
".\web2_extracted\web\public\next.svg",".svg","1.34","08-10-2025 13:16:56"
".\web2_extracted\web\public\vercel.svg",".svg","0.12","08-10-2025 13:16:56"
".\web2_extracted\web\public\window.svg",".svg","0.38","08-10-2025 13:16:56"
".\web2_extracted\web\public\images\brands\adidas-logo.svg",".svg","4.2","08-10-2025 13:16:56"
".\web2_extracted\web\public\images\brands\converse-logo.svg",".svg","0.42","08-10-2025 13:16:56"
".\web2_extracted\web\public\images\brands\new-balance-logo.svg",".svg","0.38","08-10-2025 13:16:56"
".\web2_extracted\web\public\images\brands\nike-logo.svg",".svg","0.38","08-10-2025 13:16:56"
".\web2_extracted\web\public\images\brands\puma-logo.svg",".svg","0.46","08-10-2025 13:16:56"
".\web2_extracted\web\public\images\brands\reebok-logo.svg",".svg","0.48","08-10-2025 13:16:56"
".\web2_extracted\web\public\images\brands\under-armour-logo.svg",".svg","0.38","08-10-2025 13:16:56"
".\web2_extracted\web\public\images\brands\vans-logo.svg",".svg","0.42","08-10-2025 13:16:56"
".\web2_extracted\web\public\images\senlysh\dress-hero.jpg",".jpg","345.89","08-10-2025 13:16:56"
".\web2_extracted\web\public\images\senlysh\hero-collection.jpg",".jpg","1804.07","08-10-2025 13:16:56"
".\web2_extracted\web\public\images\senlysh\logo.png",".png","626.5","08-10-2025 13:16:56"
".\web2_extracted\web\public\images\senlysh\subscription-img.png",".png","384.51","08-10-2025 13:16:56"
".\web2_extracted\web\scripts\README.md",".md","4.8","08-10-2025 13:16:56"
".\web2_extracted\web\scripts\scaffold-tenant.js",".js","13.47","08-10-2025 13:16:56"
".\web2_extracted\web\scripts\SCAFFOLD_GUIDE.md",".md","9.46","08-10-2025 13:16:56"
".\web2_extracted\web\scripts\validate-contracts.js",".js","10.46","08-10-2025 13:16:56"
".\web2_extracted\web\scripts\validate-imports.js",".js","8.2","08-10-2025 13:16:56"
".\web2_extracted\web\scripts\validate-registry.js",".js","7.42","08-10-2025 13:16:56"
".\web2_extracted\web\scripts\templates\config.ts.template",".template","1.17","08-10-2025 13:16:56"
".\web2_extracted\web\scripts\templates\Footer.tsx.template",".template","2.39","08-10-2025 13:16:56"
".\web2_extracted\web\scripts\templates\Header.tsx.template",".template","1.67","08-10-2025 13:16:56"
".\web2_extracted\web\scripts\templates\Home.tsx.template",".template","5.19","08-10-2025 13:16:56"
".\web2_extracted\web\scripts\templates\Layout.tsx.template",".template","0.38","08-10-2025 13:16:56"
".\web2_extracted\web\setup\gadget-bazaar-guide.md",".md","3.32","08-10-2025 13:16:56"
".\web2_extracted\web\setup\gadget-bazaar-setup.sql",".sql","1.44","08-10-2025 13:16:56"
".\web2_extracted\web\src\middleware.ts",".ts","5.8","08-10-2025 13:16:56"
".\web2_extracted\web\src\app\globals.css",".css","5.38","08-10-2025 13:16:56"
".\web2_extracted\web\src\app\icon.svg",".svg","0.49","08-10-2025 13:16:56"
".\web2_extracted\web\src\app\layout.tsx",".tsx","0.9","08-10-2025 13:16:56"
".\web2_extracted\web\src\app\manifest.ts",".ts","0.47","08-10-2025 13:16:56"
".\web2_extracted\web\src\app\robots.ts",".ts","0.67","08-10-2025 13:16:56"
".\web2_extracted\web\src\app\sitemap.ts",".ts","0.79","08-10-2025 13:16:56"
".\web2_extracted\web\src\app\(admin)\admin\layout.tsx",".tsx","2.3","08-10-2025 13:16:56"
".\web2_extracted\web\src\app\(admin)\admin\loading.tsx",".tsx","1.6","08-10-2025 13:16:56"
".\web2_extracted\web\src\app\(admin)\admin\page.tsx",".tsx","8.68","08-10-2025 13:16:56"
".\web2_extracted\web\src\app\(admin)\admin\analytics\actions.ts",".ts","3.48","08-10-2025 13:16:56"
".\web2_extracted\web\src\app\(admin)\admin\analytics\AnalyticsOverview.tsx",".tsx","3.47","08-10-2025 13:16:56"
".\web2_extracted\web\src\app\(admin)\admin\analytics\page.tsx",".tsx","0.81","08-10-2025 13:16:56"
".\web2_extracted\web\src\app\(admin)\admin\analytics\SalesChart.tsx",".tsx","1.71","08-10-2025 13:16:56"
".\web2_extracted\web\src\app\(admin)\admin\analytics\TopProducts.tsx",".tsx","1.56","08-10-2025 13:16:56"
".\web2_extracted\web\src\app\(admin)\admin\categories\CategoryForm.tsx",".tsx","4.92","08-10-2025 13:16:56"
".\web2_extracted\web\src\app\(admin)\admin\categories\CategoryTable.tsx",".tsx","9.08","08-10-2025 13:16:56"
".\web2_extracted\web\src\app\(admin)\admin\categories\CreateCategoryButton.tsx",".tsx","0.83","08-10-2025 13:16:56"
".\web2_extracted\web\src\app\(admin)\admin\categories\page.tsx",".tsx","2.01","08-10-2025 13:16:56"
".\web2_extracted\web\src\app\(admin)\admin\categories\new\page.tsx",".tsx","0.86","08-10-2025 13:16:56"
".\web2_extracted\web\src\app\(admin)\admin\content\page.tsx",".tsx","1.79","08-10-2025 13:16:56"
".\web2_extracted\web\src\app\(admin)\admin\customers\actions.ts",".ts","2.96","08-10-2025 13:16:56"
".\web2_extracted\web\src\app\(admin)\admin\customers\CustomerFilters.tsx",".tsx","2.7","08-10-2025 13:16:56"
".\web2_extracted\web\src\app\(admin)\admin\customers\CustomerTable.tsx",".tsx","7","08-10-2025 13:16:56"
".\web2_extracted\web\src\app\(admin)\admin\customers\page.tsx",".tsx","2.54","08-10-2025 13:16:56"
".\web2_extracted\web\src\app\(admin)\admin\customers\[id]\page.tsx",".tsx","3.48","08-10-2025 13:16:56"
".\web2_extracted\web\src\app\(admin)\admin\orders\actions.ts",".ts","1.54","08-10-2025 13:16:56"
".\web2_extracted\web\src\app\(admin)\admin\orders\OrderFilters.tsx",".tsx","2.78","08-10-2025 13:16:56"
".\web2_extracted\web\src\app\(admin)\admin\orders\OrderTable.tsx",".tsx","7.28","08-10-2025 13:16:56"
".\web2_extracted\web\src\app\(admin)\admin\orders\page.tsx",".tsx","0.89","08-10-2025 13:16:56"
".\web2_extracted\web\src\app\(admin)\admin\orders\[id]\page.tsx",".tsx","2.32","08-10-2025 13:16:56"
".\web2_extracted\web\src\app\(admin)\admin\portfolio\page.tsx",".tsx","12.84","08-10-2025 13:16:56"
".\web2_extracted\web\src\app\(admin)\admin\products\actions.ts",".ts","31.97","08-10-2025 13:16:56"
".\web2_extracted\web\src\app\(admin)\admin\products\CreateProductButton.tsx",".tsx","0.71","08-10-2025 13:16:56"
".\web2_extracted\web\src\app\(admin)\admin\products\page.tsx",".tsx","2.16","08-10-2025 13:16:56"
".\web2_extracted\web\src\app\(admin)\admin\products\ProductFilters.tsx",".tsx","2.89","08-10-2025 13:16:56"
".\web2_extracted\web\src\app\(admin)\admin\products\ProductForm.tsx",".tsx","11.45","08-10-2025 13:16:56"
".\web2_extracted\web\src\app\(admin)\admin\products\ProductSearch.tsx",".tsx","2.12","08-10-2025 13:16:56"
".\web2_extracted\web\src\app\(admin)\admin\products\ProductTable.tsx",".tsx","6.47","08-10-2025 13:16:56"
".\web2_extracted\web\src\app\(admin)\admin\products\components\BasicInformationSection.tsx",".tsx","4.12","08-10-2025 13:16:56"
".\web2_extracted\web\src\app\(admin)\admin\products\components\InventorySection.tsx",".tsx","4.62","08-10-2025 13:16:56"
".\web2_extracted\web\src\app\(admin)\admin\products\components\MediaSection.tsx",".tsx","11.78","08-10-2025 13:16:56"
".\web2_extracted\web\src\app\(admin)\admin\products\components\OrganizationSection.tsx",".tsx","2.1","08-10-2025 13:16:56"
".\web2_extracted\web\src\app\(admin)\admin\products\components\PricingSection.tsx",".tsx","6.43","08-10-2025 13:16:56"
".\web2_extracted\web\src\app\(admin)\admin\products\components\ProductPreview.tsx",".tsx","18.62","08-10-2025 13:16:56"
".\web2_extracted\web\src\app\(admin)\admin\products\components\SeoSection.tsx",".tsx","3.95","08-10-2025 13:16:56"
".\web2_extracted\web\src\app\(admin)\admin\products\components\ShippingSection.tsx",".tsx","4.64","08-10-2025 13:16:56"
".\web2_extracted\web\src\app\(admin)\admin\products\components\VariantsSection.tsx",".tsx","19.52","08-10-2025 13:16:56"
".\web2_extracted\web\src\app\(admin)\admin\products\new\page.tsx",".tsx","1.01","08-10-2025 13:16:56"
".\web2_extracted\web\src\app\(admin)\admin\products\test\page.tsx",".tsx","0.25","08-10-2025 13:16:56"
".\web2_extracted\web\src\app\(admin)\admin\products\[id]\page.tsx",".tsx","11.59","08-10-2025 13:16:56"
".\web2_extracted\web\src\app\(admin)\admin\products\[id]\edit\page.tsx",".tsx","5.66","08-10-2025 13:16:56"
".\web2_extracted\web\src\app\(admin)\admin\settings\actions.ts",".ts","1.92","08-10-2025 13:16:56"
".\web2_extracted\web\src\app\(admin)\admin\settings\page.tsx",".tsx","0.76","08-10-2025 13:16:56"
".\web2_extracted\web\src\app\(admin)\admin\settings\payments-actions.ts",".ts","2.77","08-10-2025 13:16:56"
".\web2_extracted\web\src\app\(admin)\admin\settings\SettingsForm.tsx",".tsx","9.52","08-10-2025 13:16:56"
".\web2_extracted\web\src\app\(admin)\admin\team\page.tsx",".tsx","0.81","08-10-2025 13:16:56"
".\web2_extracted\web\src\app\(admin)\admin\test\page.tsx",".tsx","1.97","08-10-2025 13:16:56"
".\web2_extracted\web\src\app\(site)\layout.tsx",".tsx","3.64","08-10-2025 13:16:56"
".\web2_extracted\web\src\app\(site)\loading.tsx",".tsx","0.64","08-10-2025 13:16:56"
".\web2_extracted\web\src\app\(site)\page.tsx",".tsx","5.61","08-10-2025 13:16:56"
".\web2_extracted\web\src\app\(site)\bluebell\loading.tsx",".tsx","0.64","08-10-2025 13:16:56"
".\web2_extracted\web\src\app\(site)\bluebell\page.tsx",".tsx","0.91","08-10-2025 13:16:56"
".\web2_extracted\web\src\app\(site)\bluebell\about\page.tsx",".tsx","4.32","08-10-2025 13:16:56"
".\web2_extracted\web\src\app\(site)\bluebell\contact\page.tsx",".tsx","5.97","08-10-2025 13:16:56"
".\web2_extracted\web\src\app\(site)\bluebell\cookies\page.tsx",".tsx","0.29","08-10-2025 13:16:56"
".\web2_extracted\web\src\app\(site)\bluebell\faq\page.tsx",".tsx","1.01","08-10-2025 13:16:56"
".\web2_extracted\web\src\app\(site)\bluebell\new-arrivals\page.tsx",".tsx","5.2","08-10-2025 13:16:56"
".\web2_extracted\web\src\app\(site)\bluebell\portfolio\page.tsx",".tsx","2.18","08-10-2025 13:16:56"
".\web2_extracted\web\src\app\(site)\bluebell\portfolio\[slug]\page.tsx",".tsx","2.21","08-10-2025 13:16:56"
".\web2_extracted\web\src\app\(site)\bluebell\privacy\page.tsx",".tsx","0.29","08-10-2025 13:16:56"
".\web2_extracted\web\src\app\(site)\bluebell\products\page.tsx",".tsx","7.47","08-10-2025 13:16:56"
".\web2_extracted\web\src\app\(site)\bluebell\products\[slug]\page.tsx",".tsx","1.9","08-10-2025 13:16:56"
".\web2_extracted\web\src\app\(site)\bluebell\returns\page.tsx",".tsx","0.9","08-10-2025 13:16:56"
".\web2_extracted\web\src\app\(site)\bluebell\sale\page.tsx",".tsx","5.18","08-10-2025 13:16:56"
".\web2_extracted\web\src\app\(site)\bluebell\shipping\page.tsx",".tsx","0.9","08-10-2025 13:16:56"
".\web2_extracted\web\src\app\(site)\bluebell\terms\page.tsx",".tsx","0.3","08-10-2025 13:16:56"
".\web2_extracted\web\src\app\(site)\cart\page.tsx",".tsx","8.53","08-10-2025 13:16:56"
".\web2_extracted\web\src\app\(site)\checkout\page.tsx",".tsx","13.67","08-10-2025 13:16:56"
".\web2_extracted\web\src\app\(site)\orders\[orderId]\page.tsx",".tsx","1.03","08-10-2025 13:16:56"
".\web2_extracted\web\src\app\(site)\portfolio\loading.tsx",".tsx","0.52","08-10-2025 13:16:56"
".\web2_extracted\web\src\app\(site)\portfolio\page.tsx",".tsx","2.66","08-10-2025 13:16:56"
".\web2_extracted\web\src\app\(site)\portfolio\[slug]\page.tsx",".tsx","0.99","08-10-2025 13:16:56"
".\web2_extracted\web\src\app\(site)\products\page.tsx",".tsx","9.59","08-10-2025 13:16:56"
".\web2_extracted\web\src\app\(site)\products\[slug]\loading.tsx",".tsx","0.94","08-10-2025 13:16:56"
".\web2_extracted\web\src\app\(site)\products\[slug]\page.tsx",".tsx","0.94","08-10-2025 13:16:56"
".\web2_extracted\web\src\app\(site)\products\[slug]\PdpClient.tsx",".tsx","14.47","08-10-2025 13:16:56"
".\web2_extracted\web\src\app\(site)\senlysh\page.tsx",".tsx","0.91","08-10-2025 13:16:56"
".\web2_extracted\web\src\app\(site)\senlysh\about\page.tsx",".tsx","2.12","08-10-2025 13:16:56"
".\web2_extracted\web\src\app\(site)\senlysh\contact\page.tsx",".tsx","2.37","08-10-2025 13:16:56"
".\web2_extracted\web\src\app\(site)\senlysh\cookies\page.tsx",".tsx","0.3","08-10-2025 13:16:56"
".\web2_extracted\web\src\app\(site)\senlysh\new-arrivals\page.tsx",".tsx","2.24","08-10-2025 13:16:56"
".\web2_extracted\web\src\app\(site)\senlysh\privacy\page.tsx",".tsx","0.3","08-10-2025 13:16:56"
".\web2_extracted\web\src\app\(site)\senlysh\products\page.tsx",".tsx","2.87","08-10-2025 13:16:56"
".\web2_extracted\web\src\app\(site)\senlysh\sale\page.tsx",".tsx","2.11","08-10-2025 13:16:56"
".\web2_extracted\web\src\app\(site)\senlysh\terms\page.tsx",".tsx","0.31","08-10-2025 13:16:56"
".\web2_extracted\web\src\app\(tenant-admin)\layout.tsx",".tsx","1.8","08-10-2025 13:16:56"
".\web2_extracted\web\src\app\(tenant-admin)\[tenant]\admin\page.tsx",".tsx","7.14","08-10-2025 13:16:56"
".\web2_extracted\web\src\app\(tenant-admin)\[tenant]\admin\analytics\page.tsx",".tsx","0.94","08-10-2025 13:16:56"
".\web2_extracted\web\src\app\(tenant-admin)\[tenant]\admin\categories\page.tsx",".tsx","2.1","08-10-2025 13:16:56"
".\web2_extracted\web\src\app\(tenant-admin)\[tenant]\admin\categories\new\page.tsx",".tsx","1.11","08-10-2025 13:16:56"
".\web2_extracted\web\src\app\(tenant-admin)\[tenant]\admin\categories\[id]\edit\page.tsx",".tsx","1.55","08-10-2025 13:16:56"
".\web2_extracted\web\src\app\(tenant-admin)\[tenant]\admin\customers\page.tsx",".tsx","1.63","08-10-2025 13:16:56"
".\web2_extracted\web\src\app\(tenant-admin)\[tenant]\admin\orders\page.tsx",".tsx","0.97","08-10-2025 13:16:56"
".\web2_extracted\web\src\app\(tenant-admin)\[tenant]\admin\orders\[id]\page.tsx",".tsx","0.94","08-10-2025 13:16:56"
".\web2_extracted\web\src\app\(tenant-admin)\[tenant]\admin\products\page.tsx",".tsx","2.87","08-10-2025 13:16:56"
".\web2_extracted\web\src\app\(tenant-admin)\[tenant]\admin\products\new\page.tsx",".tsx","1.11","08-10-2025 13:16:56"
".\web2_extracted\web\src\app\(tenant-admin)\[tenant]\admin\products\[id]\edit\page.tsx",".tsx","3.59","08-10-2025 13:16:56"
".\web2_extracted\web\src\app\(tenant-admin)\[tenant]\admin\settings\page.tsx",".tsx","0.82","08-10-2025 13:16:56"
".\web2_extracted\web\src\app\api\admin\categories\route.ts",".ts","6.1","08-10-2025 13:16:56"
".\web2_extracted\web\src\app\api\admin\orders\[id]\route.ts",".ts","0.75","08-10-2025 13:16:56"
".\web2_extracted\web\src\app\api\admin\orders\[id]\mark-paid\route.ts",".ts","0.76","08-10-2025 13:16:56"
".\web2_extracted\web\src\app\api\admin\products\export\route.ts",".ts","0.59","08-10-2025 13:16:56"
".\web2_extracted\web\src\app\api\admin\settings\route.ts",".ts","0.53","08-10-2025 13:16:56"
".\web2_extracted\web\src\app\api\admin\settings\payments\route.ts",".ts","0.46","08-10-2025 13:16:56"
".\web2_extracted\web\src\app\api\auth\callback\route.ts",".ts","0.18","08-10-2025 13:16:56"
".\web2_extracted\web\src\app\api\auth\signout\route.ts",".ts","0.38","08-10-2025 13:16:56"
".\web2_extracted\web\src\app\api\auth\whoami\route.ts",".ts","0.4","08-10-2025 13:16:56"
".\web2_extracted\web\src\app\api\checkout\route.ts",".ts","4.29","08-10-2025 13:16:56"
".\web2_extracted\web\src\app\api\health\route.ts",".ts","0.69","08-10-2025 13:16:56"
".\web2_extracted\web\src\app\api\site\categories\route.ts",".ts","0.79","08-10-2025 13:16:56"
".\web2_extracted\web\src\app\api\webhooks\razorpay\route.ts",".ts","2.35","08-10-2025 13:16:56"
".\web2_extracted\web\src\app\api\webhooks\razorpay\simulate\route.ts",".ts","1.95","08-10-2025 13:16:56"
".\web2_extracted\web\src\app\login\loading.tsx",".tsx","0.35","08-10-2025 13:16:56"
".\web2_extracted\web\src\app\login\page.tsx",".tsx","2.57","08-10-2025 13:16:56"
".\web2_extracted\web\src\components\AdminRouteDetector.tsx",".tsx","0.44","08-10-2025 13:16:56"
".\web2_extracted\web\src\components\AdminWrapper.tsx",".tsx","0.43","08-10-2025 13:16:56"
".\web2_extracted\web\src\components\Breadcrumb.tsx",".tsx","0.97","08-10-2025 13:16:56"
".\web2_extracted\web\src\components\NavLinksClient.tsx",".tsx","2.41","08-10-2025 13:16:56"
".\web2_extracted\web\src\components\SiteFooter.tsx",".tsx","7.84","08-10-2025 13:16:56"
".\web2_extracted\web\src\components\SiteHeader.tsx",".tsx","1.91","08-10-2025 13:16:56"
".\web2_extracted\web\src\components\SortDropdown.tsx",".tsx","2.25","08-10-2025 13:16:56"
".\web2_extracted\web\src\components\TenantContextProvider.tsx",".tsx","0.41","08-10-2025 13:16:56"
".\web2_extracted\web\src\components\TenantProvider.tsx",".tsx","2.27","08-10-2025 13:16:56"
".\web2_extracted\web\src\components\admin\AdminBrandingWrapper.tsx",".tsx","2.99","08-10-2025 13:16:56"
".\web2_extracted\web\src\components\admin\AuthGate.tsx",".tsx","1.61","08-10-2025 13:16:56"
".\web2_extracted\web\src\components\admin\layout\AdminHeader.tsx",".tsx","5.05","08-10-2025 13:16:56"
".\web2_extracted\web\src\components\admin\layout\AdminLayout.tsx",".tsx","1.03","08-10-2025 13:16:56"
".\web2_extracted\web\src\components\admin\layout\AdminNavigation.tsx",".tsx","2.93","08-10-2025 13:16:56"
".\web2_extracted\web\src\components\admin\layout\AdminSidebar.tsx",".tsx","5.68","08-10-2025 13:16:56"
".\web2_extracted\web\src\components\admin\products\FashionDetailsSection.tsx",".tsx","9.37","08-10-2025 13:16:56"
".\web2_extracted\web\src\components\admin\products\SizeGuideSection.tsx",".tsx","13.38","08-10-2025 13:16:56"
".\web2_extracted\web\src\components\admin\products\VariantsSection.tsx",".tsx","14.73","08-10-2025 13:16:56"
".\web2_extracted\web\src\components\patterns\Testimonials.tsx",".tsx","6.78","08-10-2025 13:16:56"
".\web2_extracted\web\src\components\tenant\contracts.ts",".ts","0.92","08-10-2025 13:16:56"
".\web2_extracted\web\src\components\tenant\DefaultAdminBranding.tsx",".tsx","1.34","08-10-2025 13:16:56"
".\web2_extracted\web\src\components\tenant\DefaultFooter.tsx",".tsx","1.21","08-10-2025 13:16:56"
".\web2_extracted\web\src\components\tenant\DefaultHeader.tsx",".tsx","0.78","08-10-2025 13:16:56"
".\web2_extracted\web\src\components\tenant\DefaultHome.tsx",".tsx","0.91","08-10-2025 13:16:56"
".\web2_extracted\web\src\components\tenant\DefaultLayout.tsx",".tsx","0.33","08-10-2025 13:16:56"
".\web2_extracted\web\src\components\tenant\DefaultMetadata.tsx",".tsx","2.21","08-10-2025 13:16:56"
".\web2_extracted\web\src\components\tenant\DefaultWelcomeBanner.tsx",".tsx","2.43","08-10-2025 13:16:56"
".\web2_extracted\web\src\components\tenant\TenantLayoutServer.tsx",".tsx","6.59","08-10-2025 13:16:56"
".\web2_extracted\web\src\components\tenant\TenantPortfolio.tsx",".tsx","10.64","08-10-2025 13:16:56"
".\web2_extracted\web\src\components\tenant\TenantWelcomeBannerServer.tsx",".tsx","1","08-10-2025 13:16:56"
".\web2_extracted\web\src\components\tenant\products\ProductDetail.tsx",".tsx","14.41","08-10-2025 13:16:56"
".\web2_extracted\web\src\components\tenant\products\ProductFilters.tsx",".tsx","12.07","08-10-2025 13:16:56"
".\web2_extracted\web\src\components\tenant\products\ProductGrid.tsx",".tsx","9.79","08-10-2025 13:16:56"
".\web2_extracted\web\src\components\tenant\products\ProductSearch.tsx",".tsx","5","08-10-2025 13:16:56"
".\web2_extracted\web\src\components\tenant\products\QuickViewModal.tsx",".tsx","23.3","08-10-2025 13:16:56"
".\web2_extracted\web\src\config\admin-routing.ts",".ts","1.4","08-10-2025 13:16:56"
".\web2_extracted\web\src\hooks\useTenant.ts",".ts","0.38","08-10-2025 13:16:56"
".\web2_extracted\web\src\lib\bluebellHomeMode.ts",".ts","0.34","08-10-2025 13:16:56"
".\web2_extracted\web\src\lib\blurPlaceholder.ts",".ts","0.19","08-10-2025 13:16:56"
".\web2_extracted\web\src\lib\cart.tsx",".tsx","5.43","08-10-2025 13:16:56"
".\web2_extracted\web\src\lib\storage.ts",".ts","4.63","08-10-2025 13:16:56"
".\web2_extracted\web\src\lib\tenantClient.ts",".ts","2.07","08-10-2025 13:16:56"
".\web2_extracted\web\src\modules\products\components\ProductCard.tsx",".tsx","4.2","08-10-2025 13:16:56"
".\web2_extracted\web\src\registry\tenantRegistry.ts",".ts","5.03","08-10-2025 13:16:56"
".\web2_extracted\web\src\registry\types.ts",".ts","1.75","08-10-2025 13:16:56"
".\web2_extracted\web\src\server\adminModules.ts",".ts","1.07","08-10-2025 13:16:56"
".\web2_extracted\web\src\server\auth.ts",".ts","4.64","08-10-2025 13:16:56"
".\web2_extracted\web\src\server\cacheTags.ts",".ts","0.21","08-10-2025 13:16:56"
".\web2_extracted\web\src\server\products.ts",".ts","3.42","08-10-2025 13:16:56"
".\web2_extracted\web\src\server\settings.ts",".ts","0.44","08-10-2025 13:16:56"
".\web2_extracted\web\src\server\supabaseAdmin.ts",".ts","0.22","08-10-2025 13:16:56"
".\web2_extracted\web\src\server\tenant.ts",".ts","6.35","08-10-2025 13:16:58"
".\web2_extracted\web\src\server\config\schema.ts",".ts","1.31","08-10-2025 13:16:58"
".\web2_extracted\web\src\server\modules\portfolio\service.ts",".ts","0.92","08-10-2025 13:16:58"
".\web2_extracted\web\src\server\modules\products\service.ts",".ts","4.8","08-10-2025 13:16:58"
".\web2_extracted\web\src\server\tenant\resolver.ts",".ts","6.01","08-10-2025 13:16:58"
".\web2_extracted\web\src\tenants\index.ts",".ts","1.88","08-10-2025 13:16:58"
".\web2_extracted\web\src\tenants\types.ts",".ts","1.15","08-10-2025 13:16:58"
".\web2_extracted\web\src\tenants\bluebell\BluebellHome.tsx",".tsx","23.08","08-10-2025 13:16:58"
".\web2_extracted\web\src\tenants\bluebell\config.ts",".ts","1.68","08-10-2025 13:16:58"
".\web2_extracted\web\src\tenants\bluebell\components\AdminBranding.tsx",".tsx","1.36","08-10-2025 13:16:58"
".\web2_extracted\web\src\tenants\bluebell\components\BluebellProductFilters.tsx",".tsx","6.88","08-10-2025 13:16:58"
".\web2_extracted\web\src\tenants\bluebell\components\BluebellProductGrid.tsx",".tsx","7.35","08-10-2025 13:16:58"
".\web2_extracted\web\src\tenants\bluebell\components\BluebellProductSearch.tsx",".tsx","4.61","08-10-2025 13:16:58"
".\web2_extracted\web\src\tenants\bluebell\components\Footer.tsx",".tsx","14.08","08-10-2025 13:16:58"
".\web2_extracted\web\src\tenants\bluebell\components\Header.tsx",".tsx","19.88","08-10-2025 13:16:58"
".\web2_extracted\web\src\tenants\bluebell\components\Home.tsx",".tsx","29.5","08-10-2025 13:16:58"
".\web2_extracted\web\src\tenants\bluebell\components\HomeServer.tsx",".tsx","0.73","08-10-2025 13:16:58"
".\web2_extracted\web\src\tenants\bluebell\components\Layout.tsx",".tsx","0.42","08-10-2025 13:16:58"
".\web2_extracted\web\src\tenants\bluebell\components\Metadata.tsx",".tsx","2.66","08-10-2025 13:16:58"
".\web2_extracted\web\src\tenants\bluebell\components\testimonialsData.ts",".ts","1.36","08-10-2025 13:16:58"
".\web2_extracted\web\src\tenants\bluebell\components\WelcomeBanner.tsx",".tsx","3.81","08-10-2025 13:16:58"
".\web2_extracted\web\src\tenants\senlysh\config.ts",".ts","2.23","08-10-2025 13:16:58"
".\web2_extracted\web\src\tenants\senlysh\SenlyshFooter.tsx",".tsx","10.23","08-10-2025 13:16:58"
".\web2_extracted\web\src\tenants\senlysh\SenlyshHeader.tsx",".tsx","12.07","08-10-2025 13:16:58"
".\web2_extracted\web\src\tenants\senlysh\SenlyshHome.tsx",".tsx","2.2","08-10-2025 13:16:58"
".\web2_extracted\web\src\tenants\senlysh\components\AdminBranding.tsx",".tsx","1.39","08-10-2025 13:16:58"
".\web2_extracted\web\src\tenants\senlysh\components\BestSellers.tsx",".tsx","6.16","08-10-2025 13:16:58"
".\web2_extracted\web\src\tenants\senlysh\components\BrandCarousel.tsx",".tsx","6.14","08-10-2025 13:16:58"
".\web2_extracted\web\src\tenants\senlysh\components\CategoriesSection.tsx",".tsx","14.75","08-10-2025 13:16:58"
".\web2_extracted\web\src\tenants\senlysh\components\CustomerReviews.tsx",".tsx","3.02","08-10-2025 13:16:58"
".\web2_extracted\web\src\tenants\senlysh\components\FeaturedProducts.tsx",".tsx","6.25","08-10-2025 13:16:58"
".\web2_extracted\web\src\tenants\senlysh\components\FeatureIcons.tsx",".tsx","1.63","08-10-2025 13:16:58"
".\web2_extracted\web\src\tenants\senlysh\components\Footer.tsx",".tsx","10.56","08-10-2025 13:16:58"
".\web2_extracted\web\src\tenants\senlysh\components\Header.tsx",".tsx","12.8","08-10-2025 13:16:58"
".\web2_extracted\web\src\tenants\senlysh\components\HeroSection.tsx",".tsx","12.03","08-10-2025 13:16:58"
".\web2_extracted\web\src\tenants\senlysh\components\Home.tsx",".tsx","2.1","08-10-2025 13:16:58"
".\web2_extracted\web\src\tenants\senlysh\components\LatestProducts.tsx",".tsx","15.38","08-10-2025 13:16:58"
".\web2_extracted\web\src\tenants\senlysh\components\Layout.tsx",".tsx","0.41","08-10-2025 13:16:58"
".\web2_extracted\web\src\tenants\senlysh\components\Metadata.tsx",".tsx","2.52","08-10-2025 13:16:58"
".\web2_extracted\web\src\tenants\senlysh\components\PromotionalBanners.tsx",".tsx","2.48","08-10-2025 13:16:58"
".\web2_extracted\web\src\tenants\senlysh\components\WelcomeBanner.tsx",".tsx","3.17","08-10-2025 13:16:58"
".\web2_extracted\web\src\types\product.ts",".ts","3.17","08-10-2025 13:16:58"
".\web2_extracted\web\src\utils\admin-urls.ts",".ts","1.83","08-10-2025 13:16:58"
".\web2_extracted\web\src\utils\site-urls.ts",".ts","1.17","08-10-2025 13:16:58"
".\web2_extracted\web\tests\e2e\admin.spec.ts",".ts","3.97","08-10-2025 13:16:58"
".\web2_extracted\web\tests\e2e\public.spec.ts",".ts","5.27","08-10-2025 13:16:58"
".\web2_extracted\web\tests\e2e\seo-tenant.spec.ts",".ts","0.59","08-10-2025 13:16:58"
".\web2_extracted\web\tests\e2e\tenant-basic.spec.ts",".ts","0.71","08-10-2025 13:16:58"
